id,name,read,pattern,sequence,feature_type
biotin_1,anti-Biotin Hashtag 1,R2,5PNNNNNNNNNN(BC),GGTAGTCATCGTGGT,Antibody Capture
biotin_10,anti-Biotin Hashtag 10,R2,5PNNNNNNNNNN(BC),AAGAACGACCTCCTT,Antibody Capture
biotin_2,anti-Biotin Hashtag 2,R2,5PNNNNNNNNNN(BC),GTCCGTATTCTGTCA,Antibody Capture
biotin_3,anti-Biotin Hashtag 3,R2,5PNNNNNNNNNN(BC),TCCCTTTATGCGAGG,Antibody Capture
biotin_4,anti-Biotin Hashtag 4,R2,5PNNNNNNNNNN(BC),AAAGCATGACCAGTA,Antibody Capture
biotin_5,anti-Biotin Hashtag 5,R2,5PNNNNNNNNNN(BC),TACAGTCGCTTGGCA,Antibody Capture
biotin_6,anti-Biotin Hashtag 6,R2,5PNNNNNNNNNN(BC),CTCTCCCTTTGTAGT,Antibody Capture
biotin_7,anti-Biotin Hashtag 7,R2,5PNNNNNNNNNN(BC),GGGCTTATCATTAAG,Antibody Capture
biotin_9,anti-Biotin Hashtag 9,R2,5PNNNNNNNNNN(BC),TGGAGTATCACCAAT,Antibody Capture
mouse_1,anti-mouse Hashtag 1,R2,5PNNNNNNNNNN(BC),ACCCACCAGTAAGAC,Antibody Capture
mouse_10,anti-mouse Hashtag 10,R2,5PNNNNNNNNNN(BC),CCGATTGTAACAGAC,Antibody Capture
mouse_11,anti-mouse Hashtag 11,R2,5PNNNNNNNNNN(BC),GCTTACCGAATTAAC,Antibody Capture
mouse_12,anti-mouse Hashtag 12,R2,5PNNNNNNNNNN(BC),CTGCAAATATAACGG,Antibody Capture
mouse_13,anti-mouse Hashtag 13,R2,5PNNNNNNNNNN(BC),CTACATTGCGATTTG,Antibody Capture
mouse_14,anti-mouse Hashtag 14,R2,5PNNNNNNNNNN(BC),CTTTCGCCAACTCTG,Antibody Capture
mouse_15,anti-mouse Hashtag 15,R2,5PNNNNNNNNNN(BC),CCCTCTCTGGATTCT,Antibody Capture
mouse_2,anti-mouse Hashtag 2,R2,5PNNNNNNNNNN(BC),GGTCGAGAGCATTCA,Antibody Capture
mouse_3,anti-mouse Hashtag 3,R2,5PNNNNNNNNNN(BC),CTTGCCGCATGTCAT,Antibody Capture
mouse_4,anti-mouse Hashtag 4,R2,5PNNNNNNNNNN(BC),AAAGCATTCTTCACG,Antibody Capture
mouse_5,anti-mouse Hashtag 5,R2,5PNNNNNNNNNN(BC),CTTTGTCTTTGTGAG,Antibody Capture
mouse_6,anti-mouse Hashtag 6,R2,5PNNNNNNNNNN(BC),TATGCTGCCACGGTA,Antibody Capture
mouse_7,anti-mouse Hashtag 7,R2,5PNNNNNNNNNN(BC),GAGTCTGCCAGTATC,Antibody Capture
mouse_8,anti-mouse Hashtag 8,R2,5PNNNNNNNNNN(BC),TATAGAACGCCAGGC,Antibody Capture
mouse_9,anti-mouse Hashtag 9,R2,5PNNNNNNNNNN(BC),TGCCTATGAAACAAG,Antibody Capture
human_1,anti-human Hashtag 1,R2,5PNNNNNNNNNN(BC),GTCAACTCTTTAGCG,Antibody Capture
human_10,anti-human Hashtag 10,R2,5PNNNNNNNNNN(BC),ATTGACCCGCGTTAG,Antibody Capture
human_12,anti-human Hashtag 12,R2,5PNNNNNNNNNN(BC),TAACGACCAGCCATA,Antibody Capture
human_13,anti-human Hashtag 13,R2,5PNNNNNNNNNN(BC),AAATCTCTCAGGCTC,Antibody Capture
human_14,anti-human Hashtag 14,R2,5PNNNNNNNNNN(BC),CTGTATGTCCGATTG,Antibody Capture
human_15,anti-human Hashtag 15,R2,5PNNNNNNNNNN(BC),TAAGATTCAGAGCGA,Antibody Capture
human_2,anti-human Hashtag 2,R2,5PNNNNNNNNNN(BC),TGATGGCCTATTGGG,Antibody Capture
human_3,anti-human Hashtag 3,R2,5PNNNNNNNNNN(BC),TTCCGCCTCTCTTTG,Antibody Capture
human_4,anti-human Hashtag 4,R2,5PNNNNNNNNNN(BC),AGTAAGTTCAGCGTA,Antibody Capture
human_5,anti-human Hashtag 5,R2,5PNNNNNNNNNN(BC),AAGTATCGTTTCGCA,Antibody Capture
human_6,anti-human Hashtag 6,R2,5PNNNNNNNNNN(BC),GGTTGCCAGATGTCA,Antibody Capture
human_7,anti-human Hashtag 7,R2,5PNNNNNNNNNN(BC),TGTCTTTCCTGCCAG,Antibody Capture
human_8,anti-human Hashtag 8,R2,5PNNNNNNNNNN(BC),CTCCTCTGCAATTAC,Antibody Capture
human_9,anti-human Hashtag 9,R2,5PNNNNNNNNNN(BC),CAGTAGTCACGGTCA,Antibody Capture
